id,first_name,last_name,email,gender,ip_address
1,Vernon,Neles,vneles0@ibm.com,Male,113.94.55.219
2,Jan,Spurnier,jspurnier1@sakura.ne.jp,Male,83.169.147.223
3,Maggi,Tennison,mtennison2@w3.org,Female,11.186.171.10
4,Genevieve,Gristock,ggristock3@artisteer.com,Female,170.143.225.29
5,Alden,Lackeye,alackeye4@europa.eu,Male,252.188.49.61
6,Jodie,Sargint,jsargint5@scribd.com,Female,134.53.229.78
7,Alfons,Jaspar,ajaspar6@networkadvertising.org,Male,236.212.142.220
8,Skipper,Sarre,ssarre7@purevolume.com,Male,174.92.244.113
9,Kristi,Lascell,klascell8@cornell.edu,Female,177.127.24.40
10,Jordanna,Denney,jdenney9@infoseek.co.jp,Female,20.19.88.25